File_name,ram_percent,ram,flash,Code,RO_data,RW_data,ZI_data
startup_gd32f450_470.o,62.563007%,8192,464,36,428,0,8192
bl_core.o,31.281504%,4096,2217,2054,163,0,4096
mcu_cmic_gd32f470vet6.o,3.940736%,516,748,746,0,2,514
usart_app.o,1.978005%,259,164,164,0,0,259
oled.o,0.175653%,23,3767,1672,2072,23,0
systick.o,0.030548%,4,142,142,0,0,4
system_gd32f4xx.o,0.030548%,4,588,584,0,4,0
